Grid_size,zeta,beta,Run Time
8,0.5,1,34.9692254262045
32,0.5,1,598.6701785521582
