Grid_size,zeta,beta,Run Time
8,0.5,1,34.9692254262045
32,0.5,1,598.6701785521582
16,0.5,1,150.3355025285855
64,0.5,1,2492.3244307087734
128,0.5,1,10449.211162120104
