Grid_size,zeta,beta,Run Time
8,0.5,1,0.35805216804146767
8,0.5,1,33.969915994443
